address,date,description,image_urls,images,location,price,project,server,spider,title,url
,2024-07-30T17:46:12.249352,,,,,,properties,Insomnia,manual,8Bit,https://baike.baidu.com/item/8Bit/17687592?fromModule=lemma_inlink
,2024-07-30T17:46:12.310487,,,,,,properties,Insomnia,manual,时光青志,https://baike.baidu.com/item/%E6%97%B6%E5%85%89%E9%9D%92%E5%BF%97/61305109?fromModule=lemma_inlink
,2024-07-30T17:46:12.314487,,,,,,properties,Insomnia,manual,金城宗幸,https://baike.baidu.com/item/%E9%87%91%E5%9F%8E%E5%AE%97%E5%B9%B8/60119232?fromModule=lemma_inlink
,2024-07-30T17:46:12.330146,,,,,,properties,Insomnia,manual,UNISON SQUARE GARDEN,https://baike.baidu.com/item/UNISON%20SQUARE%20GARDEN/9128454?fromModule=lemma_inlink
,2024-07-30T17:46:12.335146,,,,,,properties,Insomnia,manual,糸师冴,https://baike.baidu.com/item/%E7%B3%B8%E5%B8%88%E5%86%B4/61305104?fromModule=lemma_inlink
,2024-07-30T17:46:12.446239,,,,,,properties,Insomnia,manual,蚁生十兵卫,https://baike.baidu.com/item/%E8%9A%81%E7%94%9F%E5%8D%81%E5%85%B5%E5%8D%AB/58315441?fromModule=lemma_inlink
,2024-07-30T17:46:12.470914,,,,,,properties,Insomnia,manual,YouTube,https://baike.baidu.com/item/YouTube/6497100?fromModule=lemma_inlink
,2024-07-30T17:46:12.579565,,,,,,properties,Insomnia,manual,樱井孝宏,https://baike.baidu.com/item/%E6%A8%B1%E4%BA%95%E5%AD%9D%E5%AE%8F/396951?fromModule=lemma_inlink
,2024-07-30T17:46:12.587565,,,,,,properties,Insomnia,manual,糸师凛,https://baike.baidu.com/item/%E7%B3%B8%E5%B8%88%E5%87%9B/58315445?fromModule=lemma_inlink
,2024-07-30T17:46:12.625985,,,,,,properties,Insomnia,manual,WINNER,https://baike.baidu.com/item/WINNER/12009698?fromModule=lemma_inlink
,2024-07-30T17:46:12.663751,,,,,,properties,Insomnia,manual,小西克幸,https://baike.baidu.com/item/%E5%B0%8F%E8%A5%BF%E5%85%8B%E5%B9%B8/527701?fromModule=lemma_inlink
,2024-07-30T17:46:12.687390,,,,,,properties,Insomnia,manual,剑城斩铁,https://baike.baidu.com/item/%E5%89%91%E5%9F%8E%E6%96%A9%E9%93%81/61305105?fromModule=lemma_inlink
,2024-07-30T17:46:12.730397,,,,,,properties,Insomnia,manual,内山昂辉,https://baike.baidu.com/item/%E5%86%85%E5%B1%B1%E6%98%82%E8%BE%89/3680425?fromModule=lemma_inlink
,2024-07-30T17:46:12.736396,,,,,,properties,Insomnia,manual,御影玲王,https://baike.baidu.com/item/%E5%BE%A1%E5%BD%B1%E7%8E%B2%E7%8E%8B/61311299?fromModule=lemma_inlink
,2024-07-30T17:46:12.801210,,,,,,properties,Insomnia,manual,内田雄马,https://baike.baidu.com/item/%E5%86%85%E7%94%B0%E9%9B%84%E9%A9%AC/14816764?fromModule=lemma_inlink
,2024-07-30T17:46:12.827215,,,,,,properties,Insomnia,manual,立花慎之介,https://baike.baidu.com/item/%E7%AB%8B%E8%8A%B1%E6%85%8E%E4%B9%8B%E4%BB%8B/459399?fromModule=lemma_inlink
,2024-07-30T17:46:12.837215,,,,,,properties,Insomnia,manual,兴津和幸,https://baike.baidu.com/item/%E5%85%B4%E6%B4%A5%E5%92%8C%E5%B9%B8/9663414?fromModule=lemma_inlink
,2024-07-30T17:46:12.850725,,,,,,properties,Insomnia,manual,凪诚士郎,https://baike.baidu.com/item/%E5%87%AA%E8%AF%9A%E5%A3%AB%E9%83%8E/58316224?fromModule=lemma_inlink
,2024-07-30T17:46:12.859725,,,,,,properties,Insomnia,manual,鳄间计助,https://baike.baidu.com/item/%E9%B3%84%E9%97%B4%E8%AE%A1%E5%8A%A9/64006321?fromModule=lemma_inlink
,2024-07-30T17:46:12.895913,,,,,,properties,Insomnia,manual,铃木崚汰,https://baike.baidu.com/item/%E9%93%83%E6%9C%A8%E5%B4%9A%E6%B1%B0/22059929?fromModule=lemma_inlink
,2024-07-30T17:46:12.906650,,,,,,properties,Insomnia,manual,鳄间淳一,https://baike.baidu.com/item/%E9%B3%84%E9%97%B4%E6%B7%B3%E4%B8%80/64006324?fromModule=lemma_inlink
,2024-07-30T17:46:12.946132,,,,,,properties,Insomnia,manual,二子一挥,https://baike.baidu.com/item/%E4%BA%8C%E5%AD%90%E4%B8%80%E6%8C%A5/58315438?fromModule=lemma_inlink
,2024-07-30T17:46:12.954130,,,,,,properties,Insomnia,manual,岛崎信长,https://baike.baidu.com/item/%E5%B2%9B%E5%B4%8E%E4%BF%A1%E9%95%BF/7354494?fromModule=lemma_inlink
,2024-07-30T17:46:13.023661,,,,,,properties,Insomnia,manual,马狼照英,https://baike.baidu.com/item/%E9%A9%AC%E7%8B%BC%E7%85%A7%E8%8B%B1/64006408?fromModule=lemma_inlink
,2024-07-30T17:46:13.042748,,,,,,properties,Insomnia,manual,幸村惠理,https://baike.baidu.com/item/%E5%B9%B8%E6%9D%91%E6%83%A0%E7%90%86/22872960?fromModule=lemma_inlink
,2024-07-30T17:46:13.087967,,,,,,properties,Insomnia,manual,帝襟杏里,https://baike.baidu.com/item/%E5%B8%9D%E8%A5%9F%E6%9D%8F%E9%87%8C/64498802?fromModule=lemma_inlink
,2024-07-30T17:46:13.102963,,,,,,properties,Insomnia,manual,花江夏树,https://baike.baidu.com/item/%E8%8A%B1%E6%B1%9F%E5%A4%8F%E6%A0%91/7576277?fromModule=lemma_inlink
,2024-07-30T17:46:13.110971,,,,,,properties,Insomnia,manual,绘心甚八,https://baike.baidu.com/item/%E7%BB%98%E5%BF%83%E7%94%9A%E5%85%AB/24594885?fromModule=lemma_inlink
,2024-07-30T17:46:13.203396,,,,,,properties,Insomnia,manual,诹访部顺一,https://baike.baidu.com/item/%E8%AF%B9%E8%AE%BF%E9%83%A8%E9%A1%BA%E4%B8%80/876993?fromModule=lemma_inlink
,2024-07-30T17:46:13.213383,,,,,,properties,Insomnia,manual,吉良凉介,https://baike.baidu.com/item/%E5%90%89%E8%89%AF%E5%87%89%E4%BB%8B/64500133?fromModule=lemma_inlink
,2024-07-30T17:46:13.221304,,,,,,properties,Insomnia,manual,市川苍,https://baike.baidu.com/item/%E5%B8%82%E5%B7%9D%E8%8B%8D/22355105?fromModule=lemma_inlink
,2024-07-30T17:46:13.244832,,,,,,properties,Insomnia,manual,五十岚栗梦,https://baike.baidu.com/item/%E4%BA%94%E5%8D%81%E5%B2%9A%E6%A0%97%E6%A2%A6/24594886?fromModule=lemma_inlink
,2024-07-30T17:46:13.268920,,,,,,properties,Insomnia,manual,伊右卫门送人,https://baike.baidu.com/item/%E4%BC%8A%E5%8F%B3%E5%8D%AB%E9%97%A8%E9%80%81%E4%BA%BA/64006348?fromModule=lemma_inlink
,2024-07-30T17:46:13.310555,,,,,,properties,Insomnia,manual,绵贯龙之介,https://baike.baidu.com/item/%E7%BB%B5%E8%B4%AF%E9%BE%99%E4%B9%8B%E4%BB%8B/17137346?fromModule=lemma_inlink
,2024-07-30T17:46:13.362858,,,,,,properties,Insomnia,manual,神谷浩史,https://baike.baidu.com/item/%E7%A5%9E%E8%B0%B7%E6%B5%A9%E5%8F%B2/9325705?fromModule=lemma_inlink
,2024-07-30T17:46:13.370857,,,,,,properties,Insomnia,manual,成早朝日,https://baike.baidu.com/item/%E6%88%90%E6%97%A9%E6%9C%9D%E6%97%A5/24594923?fromModule=lemma_inlink
,2024-07-30T17:46:13.385874,,,,,,properties,Insomnia,manual,铃村健一,https://baike.baidu.com/item/%E9%93%83%E6%9D%91%E5%81%A5%E4%B8%80/727362?fromModule=lemma_inlink
,2024-07-30T17:46:13.395877,,,,,,properties,Insomnia,manual,仲村宗悟,https://baike.baidu.com/item/%E4%BB%B2%E6%9D%91%E5%AE%97%E6%82%9F/20389797?fromModule=lemma_inlink
,2024-07-30T17:46:13.399868,,,,,,properties,Insomnia,manual,我牙丸吟,https://baike.baidu.com/item/%E6%88%91%E7%89%99%E4%B8%B8%E5%90%9F/24594924?fromModule=lemma_inlink
,2024-07-30T17:46:13.418035,,,,,,properties,Insomnia,manual,千叶翔也,https://baike.baidu.com/item/%E5%8D%83%E5%8F%B6%E7%BF%94%E4%B9%9F/17509818?fromModule=lemma_inlink
,2024-07-30T17:46:13.429742,,,,,,properties,Insomnia,manual,今村游大,https://baike.baidu.com/item/%E4%BB%8A%E6%9D%91%E6%B8%B8%E5%A4%A7/24594925?fromModule=lemma_inlink
,2024-07-30T17:46:13.443315,,,,,,properties,Insomnia,manual,雷市阵吾,https://baike.baidu.com/item/%E9%9B%B7%E5%B8%82%E9%98%B5%E5%90%BE/24594922?fromModule=lemma_inlink
,2024-07-30T17:46:13.472344,,,,,,properties,Insomnia,manual,久远涉,https://baike.baidu.com/item/%E4%B9%85%E8%BF%9C%E6%B6%89/24595029?fromModule=lemma_inlink
,2024-07-30T17:46:13.495352,,,,,,properties,Insomnia,manual,中泽匡智,https://baike.baidu.com/item/%E4%B8%AD%E6%B3%BD%E5%8C%A1%E6%99%BA/3279124?fromModule=lemma_inlink
,2024-07-30T17:46:13.530943,,,,,,properties,Insomnia,manual,松冈祯丞,https://baike.baidu.com/item/%E6%9D%BE%E5%86%88%E7%A5%AF%E4%B8%9E/8106241?fromModule=lemma_inlink
,2024-07-30T17:46:13.537943,,,,,,properties,Insomnia,manual,千切豹马,https://baike.baidu.com/item/%E5%8D%83%E5%88%87%E8%B1%B9%E9%A9%AC/24594888?fromModule=lemma_inlink
,2024-07-30T17:46:13.554897,,,,,,properties,Insomnia,manual,国神炼介,https://baike.baidu.com/item/%E5%9B%BD%E7%A5%9E%E7%82%BC%E4%BB%8B/58315449?fromModule=lemma_inlink
,2024-07-30T17:46:13.574226,,,,,,properties,Insomnia,manual,蜂乐回,https://baike.baidu.com/item/%E8%9C%82%E4%B9%90%E5%9B%9E/24594887?fromModule=lemma_inlink
,2024-07-30T17:46:13.645751,,,,,,properties,Insomnia,manual,全日本新闻网,https://baike.baidu.com/item/%E5%85%A8%E6%97%A5%E6%9C%AC%E6%96%B0%E9%97%BB%E7%BD%91/9306259?fromModule=lemma_inlink
,2024-07-30T17:46:13.679418,,,,,,properties,Insomnia,manual,洁世一,https://baike.baidu.com/item/%E6%B4%81%E4%B8%96%E4%B8%80/24594859?fromModule=lemma_inlink
,2024-07-30T17:46:13.698128,,,,,,properties,Insomnia,manual,齐藤壮马,https://baike.baidu.com/item/%E9%BD%90%E8%97%A4%E5%A3%AE%E9%A9%AC/12811530?fromModule=lemma_inlink
,2024-07-30T17:46:13.774978,,,,,,properties,Insomnia,manual,海渡翼,https://baike.baidu.com/item/%E6%B5%B7%E6%B8%A1%E7%BF%BC/57078031?fromModule=lemma_inlink
,2024-07-30T17:46:13.821415,,,,,,properties,Insomnia,manual,爱奇艺,https://baike.baidu.com/item/%E7%88%B1%E5%A5%87%E8%89%BA/1523627?fromModule=lemma_inlink
,2024-07-30T17:46:13.824405,,,,,,properties,Insomnia,manual,浦和希,https://baike.baidu.com/item/%E6%B5%A6%E5%92%8C%E5%B8%8C/54573644?fromModule=lemma_inlink
,2024-07-30T17:46:13.885314,,,,,,properties,Insomnia,manual,小野友树,https://baike.baidu.com/item/%E5%B0%8F%E9%87%8E%E5%8F%8B%E6%A0%91/667779?fromModule=lemma_inlink
,2024-07-30T17:46:13.900313,,,,,,properties,Insomnia,manual,哔哩哔哩,https://baike.baidu.com/item/%E5%93%94%E5%93%A9%E5%93%94%E5%93%A9/8018053?fromtitle=bilibili&fromid=7056160
